storage_techno,Emax,Pmax
battery,245.36783199440362,37.86158316601808
methanation,38950.95781194419,18.250185311273828
