techno,Pmax
offshore,4.763374604967674
onshore,111.26531929026874
pv,160.09311486658052
gas,47.157146985463726
battery,37.86158316601808
methanation,47.15714698546374
